﻿<?xml version="1.0" encoding="UTF-8" standalone="yes"?>

<addon id="repository.Phantom" name="Phantom Repository" version="1.0" provider-name="maguinho">

	<extension point="xbmc.addon.repository" name="XBMCHUB.com Addon Repository">

		<info compressed="false">https://phantomxbmc.googlecode.com/svn/addons/plugin.video.phantomwizard-1.0.0/addons.xml</info>

		<checksum>http://xbmc-hub-repo.googlecode.com/svn/addons/addons.xml.md5</checksum>

		<datadir zip="true">https://phantomxbmc.googlecode.com/svn/addons/plugin.video.phantomwizard-1.0.0</datadir>

	</extension>

	<extension point="xbmc.addon.metadata">

		<summary>The Best Third Party Addons for XBMC, Brought to you by maguinho</summary>

		<description>The Best Third Party Addons for XBMC, Brought to you by maguinho</description>

		<platform>all</platform>

                <forum></forum>

                <website></website>

	</extension>
</addon>

