<?xml version="1.0" encoding="UTF-8" standalone="yes"?>
<addon id="repository.phantomwizard" name="Phantom wizard repo" version="1.0.0" provider-name="phantom">
	<extension point="xbmc.addon.repository" name="phantom">
		<info compressed="false">https://phantomxbmc.googlecode.com/svn/addons/addons.xml</info>
		<checksum>http://fightnight-xbmc.googlecode.com/svn/addons/fightnight/addons.xml.md5</checksum>
		<datadir zip="true">https://phantomxbmc.googlecode.com/svn/addons/</datadir>
	</extension>
	<extension point="xbmc.addon.metadata">
		<summary>Os melhores addons para o XBMC</summary>
		<description>Os melhores addons para o XBMC</description>
		<platform>all</platform>
	</extension>
</addon>

