﻿<?xml version="1.0" encoding="UTF-8" standalone="yes"?>
<addon id="repository.carbonrepo" name=".[COLOR blue]C[/COLOR]arbon [COLOR blue]M[/COLOR]aster Repository" version="1.0" provider-name=".[COLOR blue]M[/COLOR]aguinho">
	<extension point="xbmc.addon.repository" name="Carbon Master Repository">
		<info compressed="false">https://carbonxbmc.googlecode.com/svn/trunk/carbon/addons/addons.xml</info>
		<checksum>https://carbonxbmc.googlecode.com/svn/trunk/carbon/addons/addons.xml.md5</checksum>
		<datadir zip="true">https://carbonxbmc.googlecode.com/svn/trunk/carbon/addons</datadir>
	</extension>
	<extension point="xbmc.addon.metadata">
		<summary>The Best Third Party Addons for XBMC, .[COLOR blue]C[/COLOR]arbon</summary>
		<description>The Best Third Party Addons for XBMC, .[COLOR blue]C[/COLOR]arbon</description>
		<platform>all</platform>
	</extension>
</addon>

