<?xml version="1.0" encoding="UTF-8" standalone="yes"?>
<addon id="plugin.video.phantomwizard" name="Phantom Wizard" version="1.0.5" provider-name="phantom">
  <requires>
    <import addon="xbmc.python" version="2.1.0"/>
  </requires>
  <extension point="xbmc.python.pluginsource" library="default.py">
        <provides>video executable</provides>
  </extension>
  <extension point="xbmc.addon.metadata">
    <summary lang="en">Phantm Wizard</summary>
    <description lang="en">Configure XBMC with all the Best Goodies Easily in One Click!</description>
    <platform>all</platform>
  </extension>
  <extension point="xbmc.service" library="service.py" start="login" />
</addon>
