<?xml version="1.0" encoding="UTF-8" standalone="yes"?>
<addon id="plugin.video.hubwizard" name="Hub Wizard" version="1.0.7" provider-name="xbmchub.com">
  <requires>
    <import addon="xbmc.python" version="2.1.0"/>
  </requires>
  <extension point="xbmc.python.pluginsource" library="default.py">
        <provides>executable</provides>
  </extension>
  <extension point="xbmc.addon.metadata">
    <summary lang="en">Hub Wizard</summary>
    <description lang="en">Configure XBMC with all the Best Goodies Easily in One Click!</description>
    <platform>all</platform>
  </extension>
</addon>
