<?xml version="1.0" encoding="UTF-8" standalone="yes"?>
<addon id="plugin.video.phantom" name=".[COLOR blue]P[/COLOR]hantom Installer" version="1.0.0" provider-name="[COLOR blue]M[/COLOR]aguinho">
  <requires>
    <import addon="xbmc.python" version="2.0"/>
  </requires>
  <extension point="xbmc.python.pluginsource" library="default.py">
        <provides>video executable</provides>
  </extension>
  <extension point="xbmc.addon.metadata">
    <summary lang="en">[COLOR blue]P[/COLOR]hantom</summary>
    <description lang="en">[COLOR blue]S[/COLOR]kintegrate [COLOR blue]Y[/COLOR]our [COLOR blue]X[/COLOR]BMC [COLOR red]W[/COLOR]ith [COLOR blue]P[/COLOR]hantom</description>
    <platform>all</platform>
  </extension>
</addon>
