<?xml version="1.0" encoding="UTF-8" standalone="yes"?>
<addon id="repository.phantomwizard" name="phantom repo" version="1.0.6" provider-name="phantom">
	<extension point="xbmc.addon.repository" name="phantom">
		<info compressed="false">http://phantomxbmc.googlecode.com/svn/addons/addons.xml</info>
		<checksum>http://phantomxbmc.googlecode.com/svn/addons.xml.md5</checksum>
		<datadir zip="true">http://phantomxbmc.googlecode.com/svn/addons/</datadir>
	</extension>
	<extension point="xbmc.addon.metadata">
		<summary>Os melhores addons para o XBMC</summary>
		<description>Os melhores addons para o XBMC</description>
		<platform>all</platform>
	</extension>
</addon>

