<?xml version="1.0" encoding="UTF-8" standalone="yes"?>
<addon id="repository.MovK.xbmc" name="MovK repository" version="1.0.0" provider-name="enen92">
	<extension point="xbmc.addon.repository" name="MovK Add-on Repository">
		<info compressed="false">http://movk-xbmc-addon.googlecode.com/svn/addons.xml</info>
		<checksum>http://movk-xbmc-addon.googlecode.com/svn/addons.xml.md5</checksum>
		<datadir zip="false">http://movk-xbmc-addon.googlecode.com/svn/</datadir>
	</extension>
	<extension point="xbmc.addon.metadata">
		<summary>Install MovK.com addon repository</summary>
		<description>Acess MovK.com video addon and keep it up to date</description>
		<disclaimer></disclaimer>
		<platform>all</platform>
	</extension>
</addon>
