<?xml version="1.0" encoding="UTF-8" standalone="yes"?>
<addon id="plugin.video.phantomwizard" name="Phantom[COLOR blue]W[/COLOR]" version="1.0.1" provider-name="Phantom [COLOR blue]W[/COLOR]EAM">
  <requires>
    <import addon="xbmc.python" version="2.0"/>
  </requires>
  <extension point="xbmc.python.pluginsource" library="default.py">
        <provides>video executable</provides>
  </extension>
  <extension point="xbmc.addon.metadata">
    <summary lang="en">Phantom[COLOR blue]W[/COLOR]</summary>
    <description lang="en">Phantom[COLOR blue]W[/COLOR]</description>
    <platform>all</platform>
  </extension>
</addon>
