﻿<?xml version="1.0" encoding="UTF-8" standalone="yes"?>
<addon id="repository.phantom" name="Phantom Master Repository" version="1.0.0" provider-name="Maguinho">
	<extension point="xbmc.addon.repository" name="Phantom Master Repository">
		<info compressed="false">https://subversion.assembla.com/svn/phantomtv/addons/addons.xml</info>
		<checksum>https://subversion.assembla.com/svn/phantomtv/addons/addons.xml.md5</checksum>
		<datadir zip="true">https://subversion.assembla.com/svn/phantomtv/addons/</datadir>
	</extension>
	<extension point="xbmc.addon.metadata">
		<summary>The Best Third Party Addons for XBMC.</summary>
		<description>The Best Third Party Addons for XBMC.</description>
		<platform>all</platform>
	</extension>
</addon>

