﻿<?xml version="1.0" encoding="UTF-8" standalone="yes"?>

<addon id="repository.xbmcphantom" name="Phantom Addon Repository" version="1.0.0" provider-name="phantom">
	<extension point="xbmc.addon.repository" name="Phantom Addon Repository">

		<info compressed="false">http://phantomxbmc.googlecode.com/svn/addons/addons.xml</info>

		<checksum>http://xbmc-hub-repo.googlecode.com/svn/addons/addons.xml.md5</checksum>

		<datadir zip="true">http://phantomxbmc.googlecode.com/svn/addons</datadir>

	</extension>

	<extension point="xbmc.addon.metadata">

		<summary>The Best Addons for XBMC, Brought to you by Phantom</summary>

		<description>The Best Addons for XBMC, Brought to you by Phantom</description>

		<platform>all</platform>

	</extension>
</addon>

