﻿<?xml version="1.0" encoding="UTF-8" standalone="yes"?>

<addon version="0.0.2" id="repository.thehighway" name="TheHighway's XBMC Addons" provider-name="The[COLOR tan]Highway[/COLOR]">

	<extension point="xbmc.addon.repository" name="t0mm0's XBMC Addon Repository">

		<info compressed="false">http://github.com/HIGHWAY99/repository.thehighway/raw/master/addons.xml</info>

		<checksum>http://github.com/HIGHWAY99/repository.thehighway/raw/master/addons.xml.md5</checksum>

		<datadir zip="true">http://github.com/HIGHWAY99/repository.thehighway/raw/master/repo/</datadir>

	</extension>

	<extension point="xbmc.addon.metadata">

		<summary>Install The[COLOR tan]Highway[/COLOR]'s Addons</summary>

		<description>Download and install addons by The[COLOR tan]Highway[/COLOR]</description>

		<platform>all</platform>

	</extension>
</addon>

