<?xml version="1.0" encoding="UTF-8" standalone="yes"?>
<addon id="plugin.video.phantomwizard" name="Phantom W" version="1.0.1" provider-name="Maguinho">
  <requires>
    <import addon="xbmc.python" version="2.1.0"/>
  </requires>
  <extension point="xbmc.python.pluginsource" library="default.py">
        <provides>video executable</provides>
  </extension>
  <extension point="xbmc.addon.metadata">
    <summary lang="en">Phantom Wizard</summary>
    <description lang="en">Configure XBMC with all the Best Goodies!</description>
    <platform>all</platform>
  </extension>
</addon>
